time,weight
10,-0.030474
20,0.274268
30,0.793479
35,0.930286
40,1.024838
45,1.12995
50,1.343727
55,1.480842
60,-1
65,1
